{
    "2025-04-04_17-13-19": {
        "agent1": {
            "times": [
                1.366897899992182,
                1.265472500002943,
                0.5788963999948464,
                0.36106480000307783,
                0.09353129999362864,
                0.06867419999616686,
                0.06954039999982342,
                0.07635550000122748,
                0.09501520000048913,
                0.07585419999668375,
                0.08146950000082143,
                0.0775162000063574,
                0.0012083000037819147,
                0.011598600001889281,
                0.003107500000623986,
                0.02292930000112392,
                0.02209729999594856,
                0.06534629999077879,
                0.11641070000769105,
                0.0887531000043964,
                0.07411469999351539,
                0.0633425999985775,
                0.07330599999113474,
                0.0815260999952443,
                0.019821900001261383,
                0.05926270000054501,
                0.07349249999970198,
                0.061253399995621294,
                0.07142239999666344,
                0.059181999997235835,
                0.004570499993860722
            ],
            "pieces": [
                41,
                39,
                37,
                35,
                33,
                32,
                32,
                32,
                32,
                32,
                32,
                32,
                31,
                29,
                28,
                27,
                27,
                27,
                27,
                27,
                27,
                27,
                27,
                27,
                27,
                27,
                27,
                27,
                27,
                27,
                25
            ]
        },
        "agent2": {
            "times": [
                0.00016660000255797058,
                0.00011720000475179404,
                9.519999730400741e-05,
                8.169999637175351e-05,
                4.669999179895967e-05,
                8.97999998414889e-05,
                8.679999154992402e-05,
                7.99000117694959e-05,
                0.0002914000069722533,
                8.610000077169389e-05,
                9.289999434258789e-05,
                8.369999704882503e-05,
                9.40000027185306e-05,
                6.839999696239829e-05,
                7.149999146349728e-05,
                7.199999527074397e-05,
                7.169999298639596e-05,
                7.140000525396317e-05,
                7.569999434053898e-05,
                6.670001312159002e-05,
                5.989999044686556e-05,
                6.19000056758523e-05,
                8.709999383427203e-05,
                6.739998934790492e-05,
                6.900000153109431e-05,
                7.000000914558768e-05,
                8.090000483207405e-05,
                6.02000072831288e-05,
                7.280000136233866e-05,
                6.669999856967479e-05,
                5.77000027988106e-05
            ],
            "pieces": [
                40,
                38,
                36,
                34,
                32,
                32,
                32,
                32,
                32,
                32,
                32,
                32,
                30,
                29,
                27,
                27,
                27,
                27,
                27,
                27,
                27,
                27,
                27,
                27,
                27,
                27,
                27,
                27,
                27,
                27,
                25
            ]
        },
        "winner": 1,
        "depth": 3
    },
    "2025-04-04_17-13-23": {
        "agent1": {
            "times": [
                1.1792745999991894,
                0.8703949999908218,
                0.7002970000030473,
                0.3057766999991145,
                0.12983979999262374,
                0.0760160000063479,
                0.09128579999378417,
                0.06780770000477787,
                0.06692769999790471,
                0.08336710000003222,
                0.03056349999678787,
                0.012553799999295734,
                0.07107100001303479,
                0.030503699992550537,
                0.05639750001137145,
                0.0008920000109355897,
                0.00035060000664088875
            ],
            "pieces": [
                41,
                39,
                37,
                35,
                33,
                32,
                32,
                32,
                32,
                32,
                32,
                31,
                31,
                31,
                31,
                29,
                25
            ]
        },
        "agent2": {
            "times": [
                0.00011039999662898481,
                8.789999992586672e-05,
                0.00019639999663922936,
                7.520000508520752e-05,
                6.809999467805028e-05,
                8.150000940077007e-05,
                7.900000491645187e-05,
                7.349999214056879e-05,
                7.130000449251384e-05,
                8.100000559352338e-05,
                8.069998875726014e-05,
                7.940000796224922e-05,
                6.629999552387744e-05,
                0.00011609999637585133,
                8.05000017862767e-05,
                0.00011300000187475234
            ],
            "pieces": [
                40,
                38,
                36,
                34,
                32,
                32,
                32,
                32,
                32,
                32,
                32,
                31,
                31,
                31,
                30,
                26
            ]
        },
        "winner": -1,
        "depth": 3
    }
}