{
    "2025-04-04_17-13-12": {
        "agent1": {
            "times": [
                0.03594370000064373,
                0.02203749999171123,
                0.018026300007477403,
                0.01830569999583531,
                0.010000399997807108,
                0.004119500008528121,
                0.008698300007381476,
                0.00402849999954924,
                0.0035598000104073435,
                0.0061271000013221055,
                0.004419199991389178,
                0.003153300000121817,
                0.0003757999947993085,
                0.003080399997998029,
                0.0024571999965701252,
                0.0020046999998157844,
                0.0025544999953126535,
                0.00216760000330396,
                0.004456399998161942,
                0.002428500010864809,
                0.0025830000085989013,
                0.0023406999971484765,
                0.004423499995027669,
                0.0028916000010212883,
                0.0030199999891920015,
                0.0027455000090412796,
                0.0038160999974934384,
                0.0027455000090412796,
                0.002773600004729815,
                0.002580799991847016,
                0.0004074000025866553,
                0.0002116999967256561
            ],
            "pieces": [
                41,
                39,
                37,
                35,
                33,
                32,
                32,
                32,
                32,
                32,
                32,
                32,
                30,
                30,
                30,
                30,
                30,
                30,
                30,
                30,
                30,
                30,
                30,
                30,
                30,
                30,
                30,
                30,
                30,
                30,
                29,
                25
            ]
        },
        "agent2": {
            "times": [
                0.00014940000255592167,
                9.06000059330836e-05,
                9.089999366551638e-05,
                7.06000137142837e-05,
                6.170000415295362e-05,
                0.00029599999834317714,
                0.00010099999781232327,
                9.079999290406704e-05,
                8.789999992586672e-05,
                0.0002643999905558303,
                8.090000483207405e-05,
                8.72999953571707e-05,
                8.16000101622194e-05,
                6.979999307077378e-05,
                6.299999949987978e-05,
                6.27999979769811e-05,
                7.300000288523734e-05,
                6.790000770706683e-05,
                0.0002462999982526526,
                7.199999527074397e-05,
                7.009999535512179e-05,
                7.12000037310645e-05,
                8.410000009462237e-05,
                8.410000009462237e-05,
                7.660000119358301e-05,
                7.579999510198832e-05,
                8.939999679569155e-05,
                7.140000525396317e-05,
                6.289999873843044e-05,
                7.96000094851479e-05,
                7.059999916236848e-05,
                7.690000347793102e-05
            ],
            "pieces": [
                40,
                38,
                36,
                34,
                32,
                32,
                32,
                32,
                32,
                32,
                32,
                31,
                30,
                30,
                30,
                30,
                30,
                30,
                30,
                30,
                30,
                30,
                30,
                30,
                30,
                30,
                30,
                30,
                30,
                30,
                29,
                25
            ]
        },
        "winner": 1,
        "depth": 1
    }
}