{
    "2025-04-04_16-57-14": {
        "agent1": {
            "times": [
                0.0733436000009533,
                0.04980930000601802,
                0.03610920000937767,
                0.023281400004634634,
                0.01658789999783039,
                0.007370999999693595,
                0.004596800004946999,
                0.010569999998551793,
                0.010062500005005859,
                0.009129099998972379,
                0.01006010000128299,
                0.00036809999437537044,
                0.0030839000100968406,
                0.00784219999331981,
                0.007341799995629117,
                0.006802899995818734,
                0.007586199993966147,
                0.010925499998847954,
                0.00782279999111779,
                0.00040299999818671495,
                0.0002823999966494739
            ],
            "pieces": [
                41,
                40,
                39,
                38,
                37,
                36,
                35,
                34,
                33,
                32,
                32,
                31,
                30,
                30,
                30,
                30,
                30,
                30,
                30,
                30,
                30,
                30,
                27,
                26,
                25,
                25,
                25,
                25,
                25,
                25,
                25,
                25,
                25,
                25,
                25,
                25,
                25,
                25,
                24,
                21,
                20
            ]
        },
        "agent2": {
            "times": [
                0.00011729999096132815,
                0.00010069999552797526,
                6.78000069456175e-05,
                6.310000026132911e-05,
                4.739999712910503e-05,
                0.00026950000028591603,
                9.309999586548656e-05,
                7.409999670926481e-05,
                7.399999594781548e-05,
                7.46000005165115e-05,
                7.660000119358301e-05,
                6.620000931434333e-05,
                5.9300000430084765e-05,
                5.6199991377070546e-05,
                5.5500000598840415e-05,
                5.329999839887023e-05,
                5.889999738428742e-05,
                7.369999366346747e-05,
                5.360000068321824e-05,
                8.81000014487654e-05
            ],
            "pieces": []
        },
        "winner": -1,
        "depth": 2
    }
}