{
    "2025-04-04_16-57-13": {
        "agent1": {
            "times": [
                0.02597980000427924,
                0.03463870000268798,
                0.018112899997504428,
                0.011525800000526942,
                0.006789999999455176,
                0.00311209999199491,
                0.0023252000100910664,
                0.005775500001618639,
                0.006260000009206124,
                0.0021508999925572425,
                0.0024963000032585114,
                0.002276800005347468,
                0.002340599996387027,
                0.00022950000129640102,
                0.0020508000015979633,
                0.0019899000035366043,
                0.0019738999981200323,
                0.00018010000349022448,
                0.00022600000374950469
            ],
            "pieces": [
                41,
                40,
                39,
                38,
                37,
                36,
                35,
                34,
                33,
                32,
                32,
                32,
                32,
                32,
                32,
                32,
                32,
                32,
                32,
                32,
                32,
                32,
                32,
                32,
                32,
                32,
                29,
                28,
                28,
                28,
                28,
                28,
                28,
                27,
                25,
                21,
                20
            ]
        },
        "agent2": {
            "times": [
                0.00010799999290611595,
                0.0001343000039923936,
                8.070000330917537e-05,
                6.70000008540228e-05,
                4.1399995097890496e-05,
                7.899999036453664e-05,
                8.459998934995383e-05,
                0.00027129999944008887,
                6.830001075286418e-05,
                6.809999467805028e-05,
                8.410000009462237e-05,
                8.30000062705949e-05,
                8.38999985717237e-05,
                8.140000863932073e-05,
                7.20999960321933e-05,
                7.560000813100487e-05,
                7.759999425616115e-05,
                0.0001863000070443377
            ],
            "pieces": []
        },
        "winner": -1,
        "depth": 1
    }
}