{
    "2025-04-04_17-09-44": {
        "agent1": {
            "times": [
                0.07372200000099838,
                0.0561050999967847,
                0.0369836000027135,
                0.027860900008818135,
                0.027250599989201874,
                0.01492790000338573,
                0.010603000002447516,
                0.012946699993335642,
                0.0146210999955656,
                0.018127500006812625,
                0.012430000002495944,
                0.012972399999853224,
                0.0006538000016007572,
                0.0022351000079652295,
                0.021598499995889142,
                0.008683700012625195,
                0.01015860000916291,
                0.009781300002941862,
                0.009644799996749498,
                0.01189870000234805,
                0.008927100003347732,
                0.012069600008544512,
                0.010027199998148717,
                0.023948700007167645,
                0.010201800003414974,
                0.011497699990286492,
                0.0102399999886984,
                0.00035430000571068376,
                0.02553240000270307,
                0.0003417000116314739,
                0.002757700000074692,
                0.0015802999987499788,
                0.0013315000105649233,
                0.004448200008482672,
                0.004430599990882911,
                0.0005899999960092828,
                0.003543099999660626,
                0.0042945000022882596,
                0.003426100010983646,
                0.004341699997894466,
                0.0038406999956350774,
                0.004905699999653734,
                0.004305900001781993,
                0.004359799990197644,
                0.004885100002866238,
                0.010832999992999248,
                0.004758199997013435,
                0.004119900011573918,
                0.003934600012144074,
                0.004304899994167499,
                0.004653100011637434,
                0.00410480001301039,
                0.003918500005966052,
                0.004026800001156516,
                0.004399500001454726,
                0.004175099995336495,
                0.004356899997219443,
                0.005183400004170835,
                0.005470000003697351,
                0.004912400007015094,
                0.001392999998643063
            ],
            "pieces": [
                41,
                40,
                39,
                38,
                37,
                36,
                35,
                34,
                33,
                32,
                32,
                31,
                30,
                29,
                29,
                29,
                29,
                29,
                29,
                29,
                29,
                29,
                29,
                29,
                28,
                27,
                26,
                26,
                26,
                26,
                26,
                26,
                26,
                26,
                26,
                26,
                26,
                26,
                26,
                26,
                26,
                26,
                26,
                26,
                26,
                26,
                26,
                26,
                26,
                26,
                26,
                26,
                26,
                26,
                25,
                24,
                24,
                24,
                19,
                17,
                16,
                15,
                14,
                13,
                12,
                12,
                12,
                12,
                12,
                12,
                11,
                11,
                11,
                11,
                11,
                11,
                11,
                11,
                11,
                11,
                11,
                11,
                11,
                11,
                11,
                11,
                11,
                11,
                11,
                11,
                11,
                11,
                11,
                11,
                11,
                11,
                11,
                11,
                11,
                11,
                11,
                11,
                11,
                11,
                11,
                11,
                11,
                11,
                11,
                11,
                11,
                11,
                11,
                11,
                11,
                11,
                11,
                11,
                11,
                11,
                11
            ]
        },
        "agent2": {
            "times": [
                0.00013929999840911478,
                0.00010429999383632094,
                7.54000066081062e-05,
                6.890000076964498e-05,
                7.360000745393336e-05,
                9.270000737160444e-05,
                0.00025040000036824495,
                7.03000114299357e-05,
                8.459998934995383e-05,
                8.949999755714089e-05,
                8.430000161752105e-05,
                7.189999450929463e-05,
                6.920000305399299e-05,
                6.420000863727182e-05,
                5.6200005928985775e-05,
                5.849999433849007e-05,
                6.960000609979033e-05,
                0.0001416000013705343,
                6.259999645408243e-05,
                7.249999907799065e-05,
                6.489999941550195e-05,
                0.00017269999079871923,
                6.10999995842576e-05,
                7.619999814778566e-05,
                7.489998824894428e-05,
                7.049999840091914e-05,
                7.12000037310645e-05,
                7.739999273326248e-05,
                6.459999713115394e-05,
                6.690000009257346e-05,
                7.280000136233866e-05,
                6.599999323952943e-05,
                5.229999078437686e-05,
                4.3099993490614e-05,
                4.400000034365803e-05,
                3.840000135824084e-05,
                2.579999272711575e-05,
                2.9100003303028643e-05,
                2.8599999495781958e-05,
                2.7600006433203816e-05,
                2.7599991881288588e-05,
                2.8599999495781958e-05,
                2.9799994081258774e-05,
                2.8000009479001164e-05,
                9.010000212583691e-05,
                3.739999374374747e-05,
                3.130000550299883e-05,
                2.5999994250014424e-05,
                2.5200002710334957e-05,
                2.7299989596940577e-05,
                2.819999644998461e-05,
                2.5599991204217076e-05,
                2.5200002710334957e-05,
                2.5500004994682968e-05,
                2.509998739697039e-05,
                2.6500012609176338e-05,
                2.7999994927085936e-05,
                3.0199997127056122e-05,
                2.950000634882599e-05,
                2.989999484270811e-05
            ],
            "pieces": []
        },
        "winner": 0,
        "depth": 2
    },