{
    "2025-04-04_14-59-40": {
        "agent1_times": [
            0.02208059999975376,
            0.01782419999653939,
            0.014908800003468059,
            0.009155799998552538,
            0.007636499998625368,
            0.0024597000010544434,
            0.002554699996835552,
            0.002472499996656552,
            0.00019160000374540687,
            0.003016199989360757,
            0.003031800006283447,
            0.0023542999988421798,
            0.002730000007431954,
            0.0024572999973315746,
            0.0002195999986724928,
            0.0028994000022066757,
            0.0027769000007538125,
            0.002732699998887256,
            0.002398700002231635,
            0.0003116000007139519,
            0.00023389999114442617
        ],
        "agent2_times": [
            0.00011709998943842947,
            0.00011059999815188348,
            0.00010940000356640667,
            6.829999620094895e-05,
            6.269999721553177e-05,
            8.44999885885045e-05,
            8.290000550914556e-05,
            9.040000441018492e-05,
            7.9699995694682e-05,
            7.88999896030873e-05,
            7.37999944249168e-05,
            7.330000516958535e-05,
            8.019999950192869e-05,
            7.759999425616115e-05,
            7.609999738633633e-05,
            7.509998977184296e-05,
            7.249999907799065e-05,
            7.37999944249168e-05,
            7.259999983943999e-05,
            6.840001151431352e-05,
            0.00033579999580979347
        ],
        "winner": 1,
        "depth": 1
    }
}