{
    "2025-04-04_15-57-14": {
        "agent1": {
            "times": [
                0.020731199998408556,
                0.018210000009275973,
                0.01483840000582859,
                0.011772999991080724,
                0.006910099997185171,
                0.002817400003550574,
                0.002723800003877841,
                0.0026008999993791804,
                0.0002091999922413379
            ],
            "pieces": [
                41,
                40,
                39,
                38,
                37,
                36,
                35,
                34,
                33,
                32,
                32,
                32,
                32,
                32,
                32,
                31,
                30,
                30
            ]
        },
        "agent2": {
            "times": [
                0.0001112000027205795,
                0.00013129999570082873,
                9.180000051856041e-05,
                9.120001050177962e-05,
                5.09000092279166e-05,
                7.530000584665686e-05,
                8.339999476447701e-05,
                9.349999891128391e-05,
                0.00017499999376013875
            ],
            "pieces": []
        },
        "winner": 1,
        "depth": 1
    }
}