{
    "2025-04-04_15-57-14": {
        "agent1": {
            "times": [
                0.08749669999815524,
                0.061605800001416355,
                0.0445076999894809,
                0.0353422999905888,
                0.020646899996791035,
                0.02237299999978859,
                0.015011899988166988,
                0.027058299994678237,
                0.019661300000734627,
                0.024705199990421534,
                0.01242840000486467,
                0.002335299999685958,
                0.001584000012371689,
                0.018718699997407384,
                0.012139700003899634,
                0.011774000013247132,
                0.009180900000501424,
                0.008591700010583736,
                0.011059900003601797,
                0.010783699995954521,
                0.011756600011722185,
                0.010230100000626408,
                0.011265200009802356,
                0.013645800005178899,
                0.015300800005206838,
                0.012884900002973154,
                0.022374599997419864,
                0.012902200003736652,
                0.00042019999818876386,
                0.009227200003806502,
                0.017992799999774434,
                0.017897500001708977,
                0.009340999997220933,
                0.01144979998935014,
                0.0015149999962886795,
                0.006629099996644072,
                0.002856199993402697
            ],
            "pieces": [
                41,
                40,
                39,
                38,
                37,
                36,
                35,
                34,
                33,
                32,
                32,
                32,
                32,
                32,
                32,
                32,
                32,
                32,
                32,
                32,
                32,
                32,
                31,
                30,
                29,
                28,
                28,
                28,
                28,
                28,
                28,
                28,
                28,
                28,
                28,
                28,
                28,
                28,
                28,
                28,
                28,
                28,
                28,
                28,
                28,
                28,
                28,
                28,
                28,
                28,
                28,
                28,
                28,
                28,
                28,
                28,
                27,
                26,
                24,
                23,
                23,
                23,
                23,
                23,
                23,
                21,
                20,
                20,
                14,
                14,
                14,
                14,
                11,
                11
            ]
        },
        "agent2": {
            "times": [
                0.00011870000162161887,
                0.000145500001963228,
                9.48999950196594e-05,
                7.299998833332211e-05,
                5.110001075081527e-05,
                8.650000381749123e-05,
                8.800000068731606e-05,
                0.0002960999991046265,
                9.310001041740179e-05,
                0.00017810000281315297,
                0.0001554000045871362,
                0.00030590000096708536,
                0.00030499999411404133,
                9.010000212583691e-05,
                8.739999611862004e-05,
                7.769999501761049e-05,
                7.660000119358301e-05,
                7.069999992381781e-05,
                0.00022309999621938914,
                8.520000847056508e-05,
                8.530000923201442e-05,
                0.00015300000086426735,
                9.699999645818025e-05,
                8.670000534038991e-05,
                9.289999434258789e-05,
                8.950001210905612e-05,
                0.00028950000705663115,
                9.370000043418258e-05,
                9.129999671131372e-05,
                0.00023130000045057386,
                7.999999797903001e-05,
                8.289999095723033e-05,
                9.789998875930905e-05,
                7.2900002123788e-05,
                3.399999695830047e-05,
                0.0002494000073056668,
                3.1100003980100155e-05
            ],
            "pieces": []
        },
        "winner": 1,
        "depth": 2
    },
    "2025-04-04_15-57-15": {
        "agent1": {
            "times": [
                0.0700695999985328,
                0.058151699995505624,
                0.038983400008874014,
                0.05194419999315869,
                0.023217099995235913,
                0.019639400008600205,
                0.009640300006140023,
                0.00999789999332279,
                0.016720899991923943,
                0.015467799996258691,
                0.011905499995918944,
                0.012050199991790578,
                0.0036955999967176467,
                0.011571099996217526,
                0.01008219999494031,
                0.012307199998758733,
                0.006729700005962513,
                0.00035600000410340726
            ],
            "pieces": [
                41,
                40,
                39,
                38,
                37,
                36,
                35,
                34,
                33,
                32,
                32,
                31,
                30,
                30,
                30,
                30,
                30,
                30,
                30,
                30,
                30,
                30,
                30,
                30,
                29,
                29,
                29,
                29,
                29,
                29,
                29,
                29,
                29,
                26,
                25
            ]
        },
        "agent2": {
            "times": [
                0.0001151999895228073,
                0.00010040000779554248,
                8.660000457894057e-05,
                0.00010210000618826598,
                5.699999746866524e-05,
                0.00012749999586958438,
                9.660000796429813e-05,
                6.990000838413835e-05,
                0.00029960001120343804,
                0.0001841999910539016,
                0.00021860000560991466,
                0.00015839999832678586,
                7.419999747071415e-05,
                0.00016339999274350703,
                6.930000381544232e-05,
                7.909999112598598e-05,
                0.00015570000687148422
            ],
            "pieces": []
        },
        "winner": -1,
        "depth": 2
    }
}