{
    "2025-04-04_14-42-45": {
        "agent1_times": [
            0.019518400004017167,
            0.014899200003128499,
            0.020021999996970408,
            0.007757799990940839,
            0.007754799997201189,
            0.005171400000108406,
            0.0022012000117683783,
            0.0021640000049956143,
            0.0021899999992456287,
            0.0020960999972885475,
            0.0025353999953949824,
            0.0021092999959364533,
            0.00017439998919144273
        ],
        "agent2_times": [
            0.00010010000551119447,
            8.260000322479755e-05,
            0.00010069999552797526,
            5.4100004490464926e-05,
            0.00010910000128205866,
            8.47999908728525e-05,
            7.330000516958535e-05,
            6.53000024612993e-05,
            6.649999704677612e-05,
            7.439999899361283e-05,
            0.00011539999104570597,
            6.78999931551516e-05,
            7.010000990703702e-05
        ],
        "winner": 1,
        "depth": 1
    }
}