{
    "2025-04-04_14-33-18": {
        "agent1_times": [
            0.02163680001103785,
            0.018762699997751042,
            0.014128999988315627,
            0.01104079998913221,
            0.006446500003221445,
            0.002377700002398342,
            0.00017109999316744506,
            0.002297400002134964,
            0.0022496000019600615,
            0.002022700005909428,
            0.0027028000040445477,
            0.0020329999970272183,
            0.0023808999976608902,
            0.0020450999872991815,
            0.0024449999909847975,
            0.002187300007790327,
            0.00018139999883715063,
            0.012244099998497404,
            0.0010403000051155686
        ],
        "agent2_times": [
            0.00011480000102892518,
            9.820000559557229e-05,
            0.00014939998800400645,
            7.330000516958535e-05,
            4.549999721348286e-05,
            8.189999789465219e-05,
            8.270000398624688e-05,
            6.820000999141484e-05,
            6.859999848529696e-05,
            6.669999856967479e-05,
            6.940000457689166e-05,
            6.86999992467463e-05,
            7.130000449251384e-05,
            7.409999670926481e-05,
            6.86999992467463e-05,
            6.710000161547214e-05,
            6.359998951666057e-05,
            0.0003782999992836267
        ],
        "winner": -1,
        "depth": 1
    }
}