{
    "2025-04-04_14-49-26": {
        "agent1_times": [
            0.018413099998724647,
            0.015711799991549924,
            0.01664590000291355,
            0.019497699991916306,
            0.006408000001101755,
            0.002305100002558902,
            0.0024055000103544444,
            0.0028740999987348914,
            0.0024901999859139323,
            0.0023859999928390607,
            0.002502000003005378,
            0.0024237999896286055,
            0.0001858999894466251,
            0.0031125999958021566,
            0.0025409000081708655,
            0.0002952999930130318,
            0.00018799999088514596,
            0.0033752000017557293,
            0.0021942000021226704,
            0.00016429999959655106,
            0.0018533000111347064,
            0.0030885000014677644,
            0.0037588999985018745,
            0.003832800008240156,
            0.00016369999502785504,
            0.0017189999925903976,
            0.001715999998850748,
            0.0012983999913558364,
            0.0016076999891083688,
            0.0014134999946691096,
            0.0020109000033698976,
            0.0017776000022422522,
            0.0015103000041563064,
            0.0012897000124212354,
            0.0018610999977681786,
            0.0001483999949414283,
            0.0013790000084554777,
            0.0014408999995794147,
            0.00021749999723397195,
            0.0017679000011412427,
            0.0014761999918846413,
            0.0012538000009953976,
            0.0015382999990833923,
            0.0013306000037118793,
            0.002210399994510226,
            0.001490800001192838,
            0.001664900002651848,
            0.0016598000074736774,
            0.0017174000095110387,
            0.001371799997286871,
            0.0018304999975953251,
            0.001977799998712726,
            0.00018139999883715063,
            0.00016149999282788485
        ],
        "agent2_times": [
            0.00011329998960718513,
            9.699999645818025e-05,
            6.660001236014068e-05,
            6.690000009257346e-05,
            4.1799998143687844e-05,
            7.840000034775585e-05,
            8.339999476447701e-05,
            8.070000330917537e-05,
            8.769999840296805e-05,
            7.550000736955553e-05,
            8.169999637175351e-05,
            0.00022149999858811498,
            7.670000195503235e-05,
            7.46000005165115e-05,
            6.75999908708036e-05,
            6.809999467805028e-05,
            7.2900002123788e-05,
            6.740000389982015e-05,
            6.679999933112413e-05,
            6.199999188538641e-05,
            6.730000313837081e-05,
            9.610000415705144e-05,
            0.00022149999858811498,
            7.270000060088933e-05,
            6.110001413617283e-05,
            9.770000178832561e-05,
            5.840000812895596e-05,
            5.6199991377070546e-05,
            0.00011239999730605632,
            6.609999400097877e-05,
            7.470000127796084e-05,
            5.339999916031957e-05,
            5.889999738428742e-05,
            0.00013089999265503138,
            5.910001345910132e-05,
            5.289999535307288e-05,
            5.149999924469739e-05,
            5.339999916031957e-05,
            4.7900000936351717e-05,
            3.860000288113952e-05,
            3.710000601131469e-05,
            3.71999922208488e-05,
            3.91000066883862e-05,
            4.030000127386302e-05,
            4.030000127386302e-05,
            3.9099992136470973e-05,
            3.980001201853156e-05,
            4.320000880397856e-05,
            4.2100000428035855e-05,
            4.0400002035312355e-05,
            4.320000880397856e-05,
            8.109999180305749e-05,
            4.25000034738332e-05,
            2.7699992642737925e-05
        ],
        "winner": 1,
        "depth": 1
    },
    "2025-04-04_14-49-27": {
        "agent1_times": [
            0.021657800010871142,
            0.018788400004268624,
            0.01736150000942871,
            0.015118800001800992,
            0.005927699996391311,
            0.008126999993692152,
            0.00216829999408219,
            0.00021050000214017928,
            0.002635299999383278,
            0.0030303999956231564,
            0.002246699994429946,
            0.0027298000059090555,
            0.002352199997403659,
            0.0028138000052422285,
            0.004115299991099164,
            0.0031854999979259446,
            0.002738600000157021,
            0.008696400007465854,
            0.002635199998621829,
            0.003151499986415729,
            0.0024852999922586605,
            0.0034469999955035746,
            0.0026357000024290755,
            0.00022159999934956431,
            0.00444479999714531,
            0.0022041999909561127,
            0.0024440999986836687,
            0.0024757000064710155,
            0.0003222999948775396,
            0.002298600011272356,
            0.002094099996611476,
            0.0019208999874535948,
            0.0023517999943578616,
            0.001923300005728379,
            0.0020656999986385927,
            0.0019180999952368438,
            0.0020419999927980825,
            0.0019479000038700178,
            0.00018560000171419233
        ],
        "agent2_times": [
            0.00012539999443106353,
            0.0001362999901175499,
            0.00015390000771731138,
            6.669999856967479e-05,
            4.189999890513718e-05,
            8.539999544154853e-05,
            7.639999967068434e-05,
            6.70000008540228e-05,
            5.460000829771161e-05,
            6.669999856967479e-05,
            8.939999679569155e-05,
            6.240000948309898e-05,
            0.00012709999282378703,
            6.170000415295362e-05,
            0.00017610000213608146,
            7.280000136233866e-05,
            7.420001202262938e-05,
            0.00022599998919758946,
            6.800000846851617e-05,
            6.140000186860561e-05,
            6.379999103955925e-05,
            6.669999856967479e-05,
            7.720000576227903e-05,
            7.959999493323267e-05,
            6.199999188538641e-05,
            5.879999662283808e-05,
            6.459999713115394e-05,
            7.579999510198832e-05,
            5.909999890718609e-05,
            5.830000736750662e-05,
            6.770000618416816e-05,
            5.560000136028975e-05,
            6.070001109037548e-05,
            5.970000347588211e-05,
            6.330000178422779e-05,
            5.970000347588211e-05,
            5.9999991208314896e-05,
            5.970000347588211e-05,
            5.060000694356859e-05
        ],
        "winner": 1,
        "depth": 1
    }
}