{
    "2025-04-04_14-49-27": {
        "agent1_times": [
            0.06320439999399241,
            0.075042399999802,
            0.03210719999333378,
            0.02674900001147762,
            0.015228400006890297,
            0.00978380000742618,
            0.010088700000778772,
            0.012696800011326559,
            0.0129707000014605,
            0.014191800000844523,
            0.011891599991940893,
            0.010425699991174042,
            0.011510600001201965,
            0.010721800004830584,
            0.011679600007482804,
            0.007855799995013513,
            0.0037389999924926087,
            0.01026369999453891,
            0.01047929999185726,
            0.014938600012101233,
            0.0005350000137696043,
            0.002103599996189587,
            0.007302700003492646,
            0.0070334000047296286,
            0.00700880000658799,
            0.00747550000960473,
            0.0077932000131113455,
            0.00870059999579098,
            0.011636900002486072,
            0.006971800001338124,
            0.008219900002586655,
            0.0031721999985165894,
            0.008039299995289184,
            0.008478899995679967,
            0.00698730000294745,
            0.0016044999938458204,
            0.006382999999914318,
            0.006637600003159605,
            0.006288199991104193,
            0.005690499994670972,
            0.002247000011266209,
            0.00572789998841472,
            0.005131900004926138,
            0.0009503000037511811,
            0.0071521999925607815,
            0.005869200002052821,
            0.0059379000012995675,
            0.005592500005150214,
            0.006814499996835366,
            0.005772799995611422,
            0.005468899995321408,
            0.005639099996187724,
            0.0066752999991877005,
            0.007563100007246248,
            0.00811710000562016,
            0.006139699995401315,
            0.0071303000004263595,
            0.012598700006492436,
            0.007389999998849817,
            0.007000999990850687,
            0.007910999993328005,
            0.007026199993561022,
            0.008296800006064586,
            0.006670700007816777,
            0.008631300006527454,
            0.0074690000037662685,
            0.008966099994722754,
            0.007774300000164658,
            0.0028528999973786995
        ],
        "agent2_times": [
            0.00010809999366756529,
            8.22000001790002e-05,
            7.749999349471182e-05,
            6.749999010935426e-05,
            4.579999949783087e-05,
            7.699998968746513e-05,
            8.289999095723033e-05,
            0.00010710000060498714,
            8.399999933317304e-05,
            7.769999501761049e-05,
            7.780001033097506e-05,
            8.30000062705949e-05,
            8.75000114319846e-05,
            8.92000098247081e-05,
            8.929999603424221e-05,
            8.660000457894057e-05,
            0.00010089999705087394,
            7.860000187065452e-05,
            7.88000033935532e-05,
            6.340000254567713e-05,
            6.580000626854599e-05,
            6.230000872164965e-05,
            5.8999998145736754e-05,
            5.8900011936202645e-05,
            5.9300000430084765e-05,
            6.529998790938407e-05,
            7.20000098226592e-05,
            0.00017129999469034374,
            6.27999979769811e-05,
            6.70000008540228e-05,
            6.089999806135893e-05,
            6.349998875521123e-05,
            6.559999019373208e-05,
            6.090001261327416e-05,
            6.019999273121357e-05,
            4.709999484475702e-05,
            5.3499999921768904e-05,
            4.9300011596642435e-05,
            4.290000651963055e-05,
            4.529999569058418e-05,
            9.349999891128391e-05,
            3.3899996196851134e-05,
            3.440000000409782e-05,
            3.2199997804127634e-05,
            4.579999949783087e-05,
            3.779999678954482e-05,
            3.679998917505145e-05,
            3.809999907389283e-05,
            7.470000127796084e-05,
            3.37999954354018e-05,
            3.510000533424318e-05,
            3.8699989090673625e-05,
            4.119999357499182e-05,
            7.6299998909235e-05,
            4.749999789055437e-05,
            4.0099999750964344e-05,
            4.25000034738332e-05,
            4.3799998820759356e-05,
            0.00015239999629557133,
            4.639998951461166e-05,
            4.269999044481665e-05,
            4.909999552182853e-05,
            4.320000880397856e-05,
            4.189999890513718e-05,
            4.650000482797623e-05,
            4.749999789055437e-05,
            4.739999712910503e-05,
            4.609998723026365e-05
        ],
        "winner": 0,
        "depth": 2
    },
    "2025-04-04_14-49-28": {
        "agent1_times": [
            0.07383890000346582,
            0.0517044000007445,
            0.04280769999604672,
            0.03170680000039283,
            0.017200399990542792,
            0.0093635999946855,
            0.009423600000445731,
            0.014673400000901893,
            0.008984200001577847,
            0.009804000001167879,
            0.004380700003821403,
            0.007409300000290386,
            0.009837999998126179,
            0.006536799992318265,
            0.0034943000064231455,
            0.010972899995977059,
            0.012381000007735565,
            0.00803040000027977,
            0.008520299990777858,
            0.013555700003053062,
            0.017210400008480065,
            0.010718600009568036,
            0.012690999996266328,
            0.014558900002157316,
            0.0018951000092783943,
            0.007007599997450598,
            0.003380699999979697
        ],
        "agent2_times": [
            0.00010829999519046396,
            0.000106100007542409,
            8.779999916441739e-05,
            7.619999814778566e-05,
            4.880000778939575e-05,
            7.959999493323267e-05,
            8.420000085607171e-05,
            6.779999239370227e-05,
            8.189999789465219e-05,
            7.920000643935055e-05,
            7.749999349471182e-05,
            9.050000517163426e-05,
            0.00011690000246744603,
            7.870000263210386e-05,
            0.00010550000297371298,
            7.550000736955553e-05,
            7.229999755509198e-05,
            5.9600002714432776e-05,
            6.389999180100858e-05,
            0.0001931000006152317,
            0.00018659999477677047,
            7.37999944249168e-05,
            7.249999907799065e-05,
            0.0001469000126235187,
            0.0003491000097710639,
            7.899999036453664e-05,
            7.989999721758068e-05
        ],
        "winner": 1,
        "depth": 2
    },