{
    "2025-04-04_15-43-41": {
        "agent1": {
            "times": [
                0.03710270000738092,
                0.019663700004457496,
                0.01649709999037441,
                0.014669500000309199,
                0.007453800004441291,
                0.003970299992943183,
                0.00345289999677334,
                0.0031784000020707026,
                0.0002626000059535727,
                0.007841200000257231,
                0.004751899992697872,
                0.0028593999886652455,
                0.0027932999946642667,
                0.003129300006548874,
                0.0082747999986168,
                0.008462400001008064,
                0.0036034999939147383,
                0.003919299997505732,
                0.00711320000118576,
                0.002669699999387376,
                0.005849199995282106,
                0.005118100001709536,
                0.003612600004998967,
                0.005137699990882538,
                0.0002879999956348911,
                0.0072146000020438805,
                0.00295209999603685,
                0.0034233000042149797,
                0.00610489999235142,
                0.008497499991790392,
                0.009176100007607602,
                0.006447799998568371,
                0.005699900008039549,
                0.0028894999995827675,
                0.0027996999997412786,
                0.0080621999950381,
                0.0034644999977899715,
                0.00711609999416396,
                0.01087500000721775,
                0.012491000001318753,
                0.012539599993033335,
                0.0007239000115077943
            ],
            "pieces": [
                41,
                40,
                39,
                38,
                37,
                36,
                35,
                34,
                33,
                32,
                32,
                32,
                32,
                32,
                32,
                31,
                30,
                30,
                30,
                30,
                30,
                30,
                30,
                30,
                30,
                30,
                30,
                30,
                30,
                30,
                30,
                30,
                30,
                30,
                30,
                30,
                30,
                30,
                30,
                30,
                30,
                30,
                30,
                30,
                30,
                30,
                30,
                30,
                27,
                26,
                26,
                26,
                26,
                26,
                26,
                26,
                26,
                26,
                26,
                26,
                26,
                26,
                26,
                26,
                26,
                26,
                26,
                26,
                26,
                26,
                26,
                26,
                26,
                26,
                26,
                26,
                26,
                26,
                26,
                26,
                26,
                24,
                21,
                20
            ]
        },
        "agent2": {
            "times": [
                0.0003129999968223274,
                0.00011199999426025897,
                0.00013559999933931977,
                0.00010350000229664147,
                0.00011520000407472253,
                0.000331000002915971,
                0.00022400000307243317,
                0.0002457999944454059,
                0.0002941999991890043,
                0.0002040999970631674,
                0.00022810000518802553,
                7.929999264888465e-05,
                9.880001016426831e-05,
                0.0001669999910518527,
                0.00026529999740887433,
                0.0002582000015536323,
                8.3099992480129e-05,
                0.0002373000024817884,
                0.00019460001203697175,
                9.560000034980476e-05,
                0.00021070000366307795,
                8.699999307282269e-05,
                0.00030590000096708536,
                9.520001185592264e-05,
                0.00014519999967887998,
                0.00018230000569019467,
                8.089999028015882e-05,
                0.00016820000018924475,
                0.00019329998758621514,
                8.349999552592635e-05,
                0.00020759999461006373,
                0.0002015999925788492,
                0.000145500001963228,
                8.120000711642206e-05,
                0.00019419999443925917,
                0.0003265999985160306,
                9.879999561235309e-05,
                0.00021889999334234744,
                0.0002111000067088753,
                0.0002187999925808981,
                0.0002624999906402081,
                0.00017719999596010894
            ],
            "pieces": []
        },
        "winner": 1,
        "depth": 1
    },
    "2025-04-04_15-43-42": {
        "agent1": {
            "times": [
                0.0269510999933118,
                0.028609699991648085,
                0.016062999988207594,
                0.01138159999391064,
                0.0071858000010252,
                0.010685800007195212,
                0.00030279999191407114,
                0.005437100000563078,
                0.00956610000866931,
                0.007534899996244349,
                0.008180800010450184,
                0.009426499993423931,
                0.007530499991844408,
                0.005636599991703406,
                0.0005832000024383888
            ],
            "pieces": [
                41,
                40,
                39,
                38,
                37,
                36,
                35,
                34,
                33,
                32,
                32,
                31,
                30,
                29,
                29,
                29,
                29,
                29,
                29,
                29,
                29,
                29,
                29,
                29,
                29,
                29,
                29,
                26,
                25
            ]
        },
        "agent2": {
            "times": [
                0.00013989998842589557,
                9.719999798107892e-05,
                0.00010309999925084412,
                9.839999256655574e-05,
                6.3000014051795e-05,
                0.00027230000705458224,
                0.00017290000687353313,
                0.0002800000074785203,
                0.0002702999918255955,
                0.00019979999342467636,
                9.480000881012529e-05,
                0.00028420001035556197,
                0.0002673999988473952,
                0.0002972000074805692
            ],
            "pieces": []
        },
        "winner": -1,
        "depth": 1
    }
}