{
    "2025-04-04_14-43-47": {
        "agent1_times": [
            0.060453900005086325,
            0.05381909999414347,
            0.04594039999938104,
            0.030834000004688278,
            0.023108299996238202,
            0.008707100001629442,
            0.008753799993428402,
            0.008991900002001785,
            0.01164979999884963,
            0.011314000003039837,
            0.010481999997864477,
            0.01012750000518281,
            0.009444700001040474,
            0.006122000006143935,
            0.002406400002655573,
            0.0003232000017305836,
            0.007723299990175292,
            0.007332799999858253,
            0.007896399998571724,
            0.007942600001115352,
            0.0051848000002792105,
            0.0005429000011645257,
            0.0066214999969815835,
            0.0005024999991292134,
            0.0051122000004397705,
            0.006251099999644794,
            0.004137000010814518,
            0.0019136000046273693,
            0.004436200004420243,
            0.00497150000592228,
            0.0036527999909594655,
            0.004572000005282462,
            0.003745800000615418,
            0.0054979999986244366,
            0.0036638000019593164,
            0.005496099998708814,
            0.005466300004627556,
            0.004021200002171099,
            0.0035860000061802566,
            0.00501589999475982,
            0.005373500011046417,
            0.004339499995694496,
            0.002578399988124147,
            0.003967899989220314,
            0.004402399994432926,
            0.007320799995795824,
            0.00641679999534972,
            0.0032119999959832057,
            0.0007143999973777682
        ],
        "agent2_times": [
            0.00011940000695176423,
            0.00010390000534243882,
            7.950000872369856e-05,
            8.55999969644472e-05,
            5.919999966863543e-05,
            7.000000914558768e-05,
            7.130000449251384e-05,
            7.929999264888465e-05,
            8.569999772589654e-05,
            8.209999941755086e-05,
            7.779999577905983e-05,
            6.770000618416816e-05,
            6.280001252889633e-05,
            8.910000906325877e-05,
            6.569999095518142e-05,
            7.639999967068434e-05,
            6.059999577701092e-05,
            6.859999848529696e-05,
            7.12000037310645e-05,
            5.1000009989365935e-05,
            6.059999577701092e-05,
            5.18000015290454e-05,
            6.0399994254112244e-05,
            6.47000124445185e-05,
            4.8299989430233836e-05,
            9.519999730400741e-05,
            5.360000068321824e-05,
            4.1700011934153736e-05,
            3.54999938281253e-05,
            4.260000423528254e-05,
            4.050000279676169e-05,
            5.2700008382089436e-05,
            3.979999746661633e-05,
            4.389999958220869e-05,
            3.809999907389283e-05,
            5.4100004490464926e-05,
            3.749999450519681e-05,
            3.2800002372823656e-05,
            3.709999145939946e-05,
            4.1799998143687844e-05,
            5.200000305194408e-05,
            5.470000905916095e-05,
            4.440000338945538e-05,
            0.0003125000075669959,
            0.00014139999984763563,
            0.0001449999981559813,
            9.40000027185306e-05,
            4.050000279676169e-05,
            1.6300007700920105e-05
        ],
        "winner": 1,
        "depth": 2
    },
    "2025-04-04_14-43-48": {
        "agent1_times": [
            0.07736290000320878,
            0.04897040000651032,
            0.035623000003397465,
            0.030884400010108948,
            0.017513500002678484,
            0.011819000006653368,
            0.008373399992706254,
            0.010217500006547198,
            0.012091099997633137,
            0.008080200001131743,
            0.009386599995195866,
            0.00643020001007244,
            0.0004896999889751896,
            0.0005046000005677342
        ],
        "agent2_times": [
            0.0001007999962894246,
            9.349999891128391e-05,
            8.340000931639224e-05,
            8.129999332595617e-05,
            5.080000846646726e-05,
            8.699999307282269e-05,
            7.449999975506216e-05,
            7.509998977184296e-05,
            7.88000033935532e-05,
            6.580000626854599e-05,
            9.310001041740179e-05,
            7.959999493323267e-05,
            0.00011249999806750566
        ],
        "winner": -1,
        "depth": 2
    }
}