{
    "2025-04-04_14-43-46": {
        "agent1_times": [
            0.026356499991379678,
            0.020657599990954623,
            0.016010899998946115,
            0.012216100003570318,
            0.00804360001347959,
            0.0021388000022852793,
            0.0022188000002643093,
            0.00352920001023449,
            0.002470900013577193,
            0.0020936999935656786,
            0.002338300007977523,
            0.002293400000780821,
            0.004338300001109019,
            0.0026999000110663474,
            0.002779799993732013,
            0.0025454999995417893,
            0.0026255000120727345,
            0.0028409999940777197,
            0.00019919998885598034,
            0.00248759999522008,
            0.002195900000515394,
            0.001779700003680773,
            0.002494900007150136,
            0.0021074000105727464,
            0.0022585000115213916,
            0.0020006999984616414,
            0.0024910000065574422,
            0.004430599990882911,
            0.0008471000037388876,
            0.0025313000078313053,
            0.00015949999215081334,
            0.003180100000463426,
            0.002258699998492375,
            0.0017036000062944368,
            0.002657399993040599,
            0.002074400006677024,
            0.001997499988647178,
            0.0018115999992005527,
            0.00015410000924021006,
            0.0024523000029148534,
            0.0023618999985046685,
            0.0005815000040456653,
            0.002003000001423061,
            0.00023030000738799572,
            0.00015350000467151403,
            0.0019106999970972538,
            0.0018795999931171536,
            0.00011610001092776656,
            0.0008865999989211559,
            0.0006220999930519611
        ],
        "agent2_times": [
            0.000123099991469644,
            0.00010409999231342226,
            8.149999484885484e-05,
            0.00016110000433400273,
            4.269999044481665e-05,
            6.53000024612993e-05,
            6.259999645408243e-05,
            9.410000347997993e-05,
            6.410000787582248e-05,
            6.389999180100858e-05,
            7.280000136233866e-05,
            6.800000846851617e-05,
            0.00014679999731015414,
            6.849999772384763e-05,
            7.029999687802047e-05,
            8.579999848734587e-05,
            0.00028249999741092324,
            9.359999967273325e-05,
            9.320001117885113e-05,
            8.189999789465219e-05,
            5.919999966863543e-05,
            5.630000669043511e-05,
            0.00017630000365898013,
            0.00015329998859670013,
            5.6900011259131134e-05,
            6.010000652167946e-05,
            6.229999416973442e-05,
            0.0001816000003600493,
            6.840001151431352e-05,
            5.289999535307288e-05,
            8.080000407062471e-05,
            5.819999205414206e-05,
            6.58999924780801e-05,
            5.740000051446259e-05,
            9.810000483412296e-05,
            6.550000398419797e-05,
            6.44000101601705e-05,
            5.970000347588211e-05,
            5.880001117475331e-05,
            7.139999070204794e-05,
            0.0002812000020639971,
            0.00020930000755470246,
            6.0000005760230124e-05,
            5.2499992307275534e-05,
            5.0099988584406674e-05,
            4.870000702794641e-05,
            7.51999905332923e-05,
            4.359999729786068e-05,
            4.220000118948519e-05,
            4.260000423528254e-05
        ],
        "winner": 1,
        "depth": 1
    },
    "2025-04-04_14-43-47": {
        "agent1_times": [
            0.02135929999349173,
            0.019290800002636388,
            0.014936999999918044,
            0.01267369999550283,
            0.00748869999370072,
            0.002474900000379421,
            0.00020199999562464654,
            0.0004566999996313825
        ],
        "agent2_times": [
            0.00010940000356640667,
            0.00011190000805072486,
            9.560000034980476e-05,
            0.0001142999972216785,
            5.740000051446259e-05,
            0.00014560000272467732,
            0.00014790000568609685
        ],
        "winner": -1,
        "depth": 1
    }
}